<?xml version="1.0" encoding="UTF-8"?>
<!DOCTYPE mapper PUBLIC "-//mybatis.org//DTD Mapper 3.0//EN" "http://mybatis.org/dtd/mybatis-3-mapper.dtd" >
<mapper namespace="com.example.demo.mapper.HotelMapper">
	<select id="findByName" resultType="com.example.demo.entity.User">
		SELECT username,passward from useraccounts WHERE username = #{username}
	</select>
	
	<select id="findByPassward" resultType="com.example.demo.entity.User" >
	SELECT username,passward from useraccounts WHERE passward = #{pwd}
	</select>
	
	<select id="findHotelAll" resultType="com.example.demo.entity.Hotel">
		select * from hotelinfo
	</select>
	
	<select id="findHotelByName" resultType="com.example.demo.entity.Hotel">
		select * from hotelinfo where hotelname like '%'+#{hotelname}+'%' and location like '%'+#{location}+'%'
	</select>
	
	
	

	
	
</mapper>
