<?xml version="1.0" encoding="UTF-8"?>
<!DOCTYPE mapper PUBLIC "-//mybatis.org//DTD Mapper 3.0//EN" "http://mybatis.org/dtd/mybatis-3-mapper.dtd" >
<mapper namespace="com.example.demo.mapper.OrderMapper">
	<select id="findIncompleteOrderByUserName" resultType="com.example.demo.entity.User_Order">
		SELECT * from user_order WHERE username = #{username} and state='0'
	</select>
	
	<select id="findCompleteOrderByUserName" resultType="com.example.demo.entity.User_Order">
		SELECT * from user_order WHERE username = #{username} and state='1'
	</select>
	
	<select id="findLivingOrderByUserName" resultType="com.example.demo.entity.User_Order">
		SELECT * from user_order WHERE username = #{username} and state='2'
	</select>
	
	<insert id="AddOrder">
		insert into user_order values
		(#{username},#{businessid},#{paidprice},#{bedtype},'0',#{ord_num})
	</insert>
	
	<select id="findByOrder_num" resultType="com.example.demo.entity.User_Order">
		SELECT * from user_order WHERE order_num = #{order_num}
	</select>
	
	
	
	<delete id="Cancle_Order">
		delete user_order
		where order_num=#{order_num}
	</delete>
	
	
	
		
	
</mapper>