<?xml version="1.0" encoding="UTF-8"?>
<!DOCTYPE mapper PUBLIC "-//mybatis.org//DTD Mapper 3.0//EN" "http://mybatis.org/dtd/mybatis-3-mapper.dtd" >
<mapper namespace="com.example.demo.mapper.RoomMapper">
	
	<select id="findRoomByBusinessId" resultType="com.example.demo.entity.Rooms">
		select * from room_info where businessid = #{Id}
	</select>
	
	<update id="reserve">
		update room_info
		set surplus=surplus-1 where businessid=#{businessid} and bedtype=#{bedtype}
	</update>
	
	<select id="findRoomByBusinessId_bedtype" resultType="com.example.demo.entity.Rooms">
		select * from room_info where businessid = #{businessid} and bedtype = #{bedtype}
	</select>
	
	
	<update id="Cancel_Order">
		update room_info
		set surplus=surplus+1 where businessid=#{businessid} and bedtype=#{bedtype}
	</update>
	
	
</mapper>
