<?xml version="1.0" encoding="UTF-8"?>
<!DOCTYPE mapper PUBLIC "-//mybatis.org//DTD Mapper 3.0//EN" "http://mybatis.org/dtd/mybatis-3-mapper.dtd" >
<mapper namespace="com.example.demo.mapper.UserMapper">
	<select id="findByName" resultType="com.example.demo.entity.User">
		SELECT * from useraccounts WHERE username = #{username}
	</select>
	
	<select id="findByPassward" resultType="com.example.demo.entity.User" >
	SELECT username,passward from useraccounts WHERE passward = #{pwd}
	</select>
	
	<select id="findUserAll" resultType="com.example.demo.entity.User">
		select * from useraccounts
	</select>
	
	<insert id="addUser">
		insert into useraccounts (username,passward,powers)
		values (#{username},#{passward},0)
	</insert>
	
	<update id="modifyNickname">
		update useraccounts
		set nickname=#{nickname} where username=#{username};
	</update>
	
	<update id="modifyPersonal_label">
		update useraccounts
		set Personal_label=#{Personal_label} where username=#{username};
	</update>
	
	<update id="modifySex">
		update useraccounts
		set sex=#{sex} where username=#{username};
	</update>
	
	<update id="modifyBirthday">
		update useraccounts
		set birthday=#{birthday} where username=#{username};
	</update>
	
	<update id="modifyHead_img">
		update useraccounts
		set head_img=#{head_imgpath} where username=#{username};
	</update>
	
	<delete id="delete_User">
		delete useraccounts
		where username=#{username};
	</delete>
	
	<update id="Recharge">
		update useraccounts
		set balance=balance+#{money} where username=#{username};
	</update>
	
	<update id="pay">
		update useraccounts
		set balance=balance-#{money} where username=#{username};
	</update>
	
	
	<update id="Draw_back">
		update useraccounts
		set balance=balance+#{Paidprice} where username=#{username};
	</update>
	
	
</mapper>
